
CREATE TABLE `abbonamento` (
  `codice_abbonamento` int(11) NOT NULL,
  `data_inizio` date DEFAULT NULL,
  `data_fine` date DEFAULT NULL,
  `prezzo` decimal(6,2) DEFAULT NULL,
  `codice_persona` int(11) DEFAULT NULL
) ENGINE=InnoDB DEFAULT CHARSET=utf8mb4 COLLATE=utf8mb4_general_ci;

 
INSERT INTO `abbonamento` (`codice_abbonamento`, `data_inizio`, `data_fine`, `prezzo`, `codice_persona`) VALUES
(4, '2025-05-01', '2026-05-13', 200.00, 2),
(5, '2025-01-01', '2025-04-01', 80.00, 5),
(6, '2025-01-01', '2025-06-01', 80.00, 1),
(7, '2025-02-01', '2025-07-01', 90.00, 2),
(8, '2025-03-01', '2025-08-01', 100.00, 3),
(9, '2025-01-15', '2025-06-15', 85.00, 4),
(10, '2025-02-15', '2025-07-15', 70.00, 5),
(11, '2025-03-15', '2025-08-15', 95.00, 6),
(12, '2025-01-10', '2025-06-10', 75.00, 7),
(13, '2025-02-10', '2025-07-10', 88.00, 8),
(14, '2025-03-10', '2025-08-10', 92.00, 9),
(15, '2025-01-20', '2025-06-20', 80.00, 10),
(16, '2025-02-20', '2025-07-20', 85.00, 11),
(17, '2025-03-20', '2025-08-20', 95.00, 12),
(18, '2025-01-05', '2025-06-05', 78.00, 13),
(19, '2025-02-05', '2025-07-05', 89.00, 14),
(20, '2025-03-05', '2025-08-05', 93.00, 15),
(21, '2025-01-25', '2025-06-25', 82.00, 16),
(22, '2025-02-25', '2025-07-25', 91.00, 17),
(23, '2025-03-25', '2025-08-25', 96.00, 18),
(24, '2025-01-30', '2025-06-30', 87.00, 19),
(26, '2025-03-30', '2025-08-30', 83.00, 21),
(27, '2025-01-08', '2025-06-08', 76.00, 22),
(28, '2025-02-08', '2025-07-08', 88.00, 23),
(29, '2025-03-08', '2025-08-08', 90.00, 24),
(30, '2025-01-18', '2025-06-18', 85.00, 25),
(31, '2025-02-18', '2025-07-18', 95.00, 26),
(32, '2025-03-18', '2025-08-18', 100.00, 27),
(33, '2025-01-12', '2025-06-12', 70.00, 28),
(34, '2025-02-12', '2025-07-12', 79.00, 29),
(35, '2025-03-12', '2025-08-12', 99.00, 30),
(36, '2025-01-22', '2025-06-22', 80.00, 31),
(37, '2025-02-22', '2025-07-22', 81.00, 32),
(38, '2025-03-22', '2025-08-22', 82.00, 33),
(39, '2025-01-02', '2025-06-02', 83.00, 34),
(41, '2025-03-02', '2025-08-02', 85.00, 2),
(42, '2025-01-16', '2025-06-16', 86.00, 3),
(43, '2025-02-16', '2025-07-16', 87.00, 4),
(44, '2025-03-16', '2025-08-16', 88.00, 5),
(45, '2025-01-06', '2025-06-06', 89.00, 6),
(46, '2025-02-06', '2025-07-06', 90.00, 7),
(47, '2025-03-06', '2025-08-06', 91.00, 8),
(48, '2025-01-26', '2025-06-26', 92.00, 9),
(49, '2025-02-26', '2025-07-26', 93.00, 10),
(50, '2025-03-26', '2025-08-26', 94.00, 11),
(51, '2025-01-11', '2025-06-11', 95.00, 12),
(52, '2025-02-11', '2025-07-11', 96.00, 13),
(53, '2025-03-11', '2025-08-11', 97.00, 14),
(54, '2025-01-21', '2025-06-21', 98.00, 15),
(55, '2025-02-21', '2025-07-21', 99.00, 16),
(56, '2024-01-01', '2024-04-01', 60.00, 17),
(57, '2024-02-01', '2024-05-01', 70.00, 18),
(58, '2024-03-01', '2024-06-01', 80.00, 19),
(59, '2023-01-01', '2023-04-01', 65.00, 20),
(60, '2023-02-01', '2023-05-01', 75.00, 21),
(61, '2023-03-01', '2023-06-01', 85.00, 22),
(62, '2023-04-01', '2023-07-01', 90.00, 23),
(63, '2023-05-01', '2023-08-01', 95.00, 24),
(64, '2023-06-01', '2023-09-01', 100.00, 25),
(65, '2023-07-01', '2023-10-01', 65.00, 26),
(66, '2023-08-01', '2023-11-01', 70.00, 27),
(67, '2023-09-01', '2023-12-01', 75.00, 28),
(68, '2023-10-01', '2024-01-01', 80.00, 29),
(69, '2023-11-01', '2024-02-01', 85.00, 30),
(70, '2023-12-01', '2024-03-01', 90.00, 31),
(71, '2023-06-15', '2023-09-15', 95.00, 32),
(72, '2023-07-15', '2023-10-15', 100.00, 33),
(73, '2023-08-15', '2023-11-15', 65.00, 34),
(74, '2023-09-15', '2023-12-15', 70.00, 1),
(75, '2023-10-15', '2024-01-15', 75.00, 2),
(76, '2023-11-15', '2024-02-15', 80.00, 3),
(77, '2023-12-15', '2024-03-15', 85.00, 4),
(78, '2022-01-01', '2022-04-01', 90.00, 5),
(79, '2022-02-01', '2022-05-01', 95.00, 6),
(80, '2022-03-01', '2022-06-01', 60.00, 7),
(81, '2022-04-01', '2022-07-01', 70.00, 8),
(82, '2022-05-01', '2022-08-01', 80.00, 9),
(83, '2022-06-01', '2022-09-01', 90.00, 10),
(84, '2022-07-01', '2022-10-01', 100.00, 11),
(85, '2022-08-01', '2022-11-01', 85.00, 12),
(86, '2022-09-01', '2022-12-01', 75.00, 13),
(87, '2022-10-01', '2023-01-01', 65.00, 14),
(88, '2022-11-01', '2023-02-01', 95.00, 15),
(89, '2022-12-01', '2023-03-01', 88.00, 16),
(90, '2023-01-01', '2023-04-01', 77.00, 17),
(91, '2023-02-01', '2023-05-01', 66.00, 18),
(92, '2023-03-01', '2023-06-01', 89.00, 19),
(93, '2023-04-01', '2023-07-01', 90.00, 20),
(94, '2023-05-01', '2023-08-01', 91.00, 21),
(95, '2023-06-01', '2023-09-01', 92.00, 22),
(96, '2023-07-01', '2023-10-01', 93.00, 23),
(97, '2023-08-01', '2023-11-01', 94.00, 24),
(98, '2023-09-01', '2023-12-01', 95.00, 25),
(99, '2023-10-01', '2024-01-01', 96.00, 26),
(100, '2023-11-01', '2024-02-01', 97.00, 27),
(101, '2023-12-01', '2024-03-01', 98.00, 28),
(102, '2024-01-01', '2024-04-01', 99.00, 29),
(103, '2024-02-01', '2024-05-01', 100.00, 30),
(104, '2024-03-01', '2024-06-01', 70.00, 31),
(105, '2024-04-01', '2024-07-01', 80.00, 32),
(106, '2024-05-01', '2024-08-01', 90.00, 33),
(107, '2024-06-01', '2024-09-01', 100.00, 34);
 

 
CREATE TABLE `corso` (
  `codice_corso` int(11) NOT NULL,
  `difficolta` varchar(50) DEFAULT NULL,
  `nome` varchar(50) DEFAULT NULL,
  `codice_sala` int(11) DEFAULT NULL,
  `codice_istruttore` int(11) DEFAULT NULL
) ENGINE=InnoDB DEFAULT CHARSET=utf8mb4 COLLATE=utf8mb4_general_ci;
 

 
INSERT INTO `corso` (`codice_corso`, `difficolta`, `nome`, `codice_sala`, `codice_istruttore`) VALUES
(12, 'media', 'Yoga', 1, 4),
(13, 'difficile', 'Arcobaleni (non saprei dargli un nome)', 3, 9),
(14, 'facile', 'karate', 1, 3),
(15, 'medio', 'Pilates Intermedio', 2, 7),
(16, 'difficile', 'CrossFit Avanzato', 3, 5),
(17, 'facile', 'Zumba Dance', 4, 2),
(18, 'medio', 'Functional Training', 1, 11),
(19, 'difficile', 'Powerlifting', 2, 8),
(20, 'facile', 'Ginnastica Dolce', 3, 4);
 

 
CREATE TABLE `entrata` (
  `codice_entrata` int(11) NOT NULL,
  `ora` time DEFAULT NULL,
  `data` date DEFAULT NULL,
  `prezzo` decimal(6,2) DEFAULT NULL,
  `codice_persona` int(11) NOT NULL
) ENGINE=InnoDB DEFAULT CHARSET=utf8mb4 COLLATE=utf8mb4_general_ci;
 

INSERT INTO `entrata` (`codice_entrata`, `ora`, `data`, `prezzo`, `codice_persona`) VALUES
(1, '16:36:47', '2025-05-08', 8.00, 12),
(2, '08:15:00', '2025-05-01', 5.00, 1),
(3, '09:30:00', '2025-05-01', 7.00, 2),
(4, '10:00:00', '2025-05-01', 6.00, 3),
(5, '11:45:00', '2025-05-02', 8.00, 4),
(6, '12:30:00', '2025-05-02', 5.00, 5),
(7, '13:00:00', '2025-05-02', 7.00, 6),
(8, '14:30:00', '2025-05-02', 6.00, 7),
(9, '15:15:00', '2025-05-03', 8.00, 21),
(10, '16:45:00', '2025-05-03', 5.00, 9),
(11, '17:00:00', '2025-05-03', 7.00, 10),
(12, '08:30:00', '2025-05-04', 6.00, 11),
(13, '09:45:00', '2025-05-04', 8.00, 12),
(14, '10:30:00', '2025-05-04', 5.00, 13),
(15, '11:00:00', '2025-05-05', 7.00, 14),
(16, '12:15:00', '2025-05-05', 6.00, 12),
(17, '13:45:00', '2025-05-05', 8.00, 16),
(18, '14:00:00', '2025-05-06', 5.00, 17),
(19, '15:30:00', '2025-05-06', 7.00, 5),
(20, '16:00:00', '2025-05-06', 6.00, 19),
(21, '17:30:00', '2025-05-07', 8.00, 3),
(22, '08:45:00', '2025-05-07', 5.00, 21),
(23, '09:00:00', '2025-05-07', 7.00, 22),
(24, '10:15:00', '2025-05-08', 6.00, 33),
(25, '11:30:00', '2025-05-08', 8.00, 24),
(26, '12:00:00', '2025-05-08', 5.00, 25),
(27, '13:15:00', '2025-05-09', 7.00, 26),
(28, '14:45:00', '2025-05-09', 6.00, 27),
(29, '15:00:00', '2025-05-09', 8.00, 28),
(30, '16:30:00', '2025-05-10', 5.00, 29),
(31, '17:45:00', '2025-05-10', 7.00, 30),
(32, '08:00:00', '2025-05-10', 6.00, 1),
(33, '09:15:00', '2025-05-11', 8.00, 2),
(34, '10:45:00', '2025-05-11', 5.00, 3),
(35, '11:15:00', '2025-05-11', 7.00, 4),
(36, '12:45:00', '2025-05-12', 6.00, 5),
(37, '13:30:00', '2025-05-12', 8.00, 6),
(38, '14:15:00', '2025-05-12', 5.00, 7),
(39, '15:45:00', '2025-05-13', 7.00, 8),
(40, '16:15:00', '2025-05-13', 6.00, 9),
(41, '17:30:00', '2025-05-13', 8.00, 10),
(42, '08:30:00', '2025-05-14', 5.00, 11),
(43, '09:45:00', '2025-05-14', 7.00, 12),
(44, '10:15:00', '2025-05-14', 6.00, 13),
(45, '11:30:00', '2025-05-15', 8.00, 14),
(46, '12:00:00', '2025-05-15', 5.00, 15),
(47, '13:45:00', '2025-05-15', 7.00, 16),
(48, '14:30:00', '2025-05-16', 6.00, 17),
(49, '15:00:00', '2025-05-16', 8.00, 18),
(50, '16:45:00', '2025-05-16', 5.00, 19),
(51, '17:15:00', '2025-05-17', 7.00, 20),
(52, '08:15:00', '2025-05-17', 6.00, 21),
(53, '09:30:00', '2025-05-17', 8.00, 22),
(54, '10:00:00', '2025-05-18', 5.00, 23),
(55, '11:45:00', '2025-05-18', 7.00, 24),
(56, '12:30:00', '2025-05-18', 6.00, 25),
(57, '13:00:00', '2025-05-19', 8.00, 26),
(58, '14:30:00', '2025-05-19', 5.00, 27),
(59, '15:15:00', '2025-05-19', 7.00, 28),
(60, '16:45:00', '2025-05-20', 6.00, 29),
(61, '17:00:00', '2025-05-20', 8.00, 30),
(62, '08:30:00', '2025-05-20', 5.00, 1),
(63, '09:45:00', '2025-05-21', 7.00, 2),
(64, '10:30:00', '2025-05-21', 6.00, 3),
(65, '11:00:00', '2025-05-21', 8.00, 4),
(66, '12:15:00', '2025-05-22', 5.00, 5),
(67, '13:45:00', '2025-05-22', 7.00, 6),
(68, '14:00:00', '2025-05-22', 6.00, 7),
(69, '15:30:00', '2025-05-23', 8.00, 8),
(70, '16:00:00', '2025-05-23', 5.00, 9),
(71, '17:30:00', '2025-05-23', 7.00, 10),
(72, '16:09:25', '2025-05-07', 6.00, 1),
(73, '19:42:37', '2025-05-06', 7.00, 1),
(74, '09:42:19', '2025-05-07', 5.00, 1),
(75, '18:46:04', '2025-05-07', 5.00, 2),
(76, '15:49:40', '2025-05-04', 5.00, 2),
(77, '19:32:56', '2025-05-11', 6.00, 2),
(78, '08:52:29', '2025-05-01', 6.00, 3),
(79, '19:34:47', '2025-05-03', 5.00, 3),
(80, '20:50:28', '2025-05-06', 8.00, 3),
(81, '09:07:11', '2025-05-11', 5.00, 4),
(82, '11:54:40', '2025-05-09', 6.00, 4),
(83, '10:19:19', '2025-05-07', 5.00, 4),
(84, '08:25:16', '2025-05-07', 6.00, 5),
(85, '08:10:17', '2025-05-02', 5.00, 5),
(86, '09:24:11', '2025-05-08', 8.00, 5),
(87, '19:18:19', '2025-05-10', 8.00, 6),
(88, '11:13:54', '2025-05-01', 5.00, 6),
(89, '18:21:10', '2025-05-10', 8.00, 6),
(90, '10:35:37', '2025-05-06', 6.00, 7),
(91, '18:00:34', '2025-05-02', 6.00, 7),
(92, '18:56:25', '2025-05-08', 8.00, 7),
(93, '14:56:11', '2025-05-07', 7.00, 8),
(94, '15:42:56', '2025-05-11', 6.00, 8),
(95, '16:23:51', '2025-05-11', 8.00, 8),
(96, '09:07:43', '2025-05-06', 8.00, 9),
(97, '18:33:13', '2025-05-09', 6.00, 9),
(98, '20:03:43', '2025-05-02', 6.00, 9),
(99, '11:05:34', '2025-05-11', 7.00, 10),
(100, '09:26:22', '2025-05-06', 6.00, 10),
(101, '19:57:31', '2025-05-05', 8.00, 10),
(102, '13:38:22', '2025-05-05', 8.00, 11),
(103, '16:01:12', '2025-05-09', 8.00, 11),
(104, '14:40:09', '2025-05-05', 8.00, 11),
(105, '13:54:02', '2025-05-04', 8.00, 12),
(106, '18:51:21', '2025-05-05', 5.00, 12),
(107, '15:39:57', '2025-05-06', 8.00, 12),
(108, '14:19:44', '2025-05-07', 8.00, 13),
(109, '17:59:03', '2025-05-04', 6.00, 13),
(110, '09:48:05', '2025-05-02', 8.00, 13),
(111, '17:59:55', '2025-05-11', 8.00, 14),
(112, '16:01:10', '2025-05-03', 5.00, 14),
(113, '08:53:19', '2025-05-01', 8.00, 14),
(114, '11:44:17', '2025-05-11', 7.00, 15),
(115, '13:03:30', '2025-05-09', 6.00, 15),
(116, '11:53:58', '2025-05-06', 8.00, 15),
(117, '09:00:25', '2025-05-08', 5.00, 16),
(118, '14:52:15', '2025-05-06', 8.00, 16),
(119, '09:38:54', '2025-05-10', 6.00, 16),
(120, '16:48:43', '2025-05-04', 8.00, 17),
(121, '12:01:29', '2025-05-06', 6.00, 17),
(122, '13:17:21', '2025-05-06', 5.00, 17),
(123, '17:04:41', '2025-05-07', 5.00, 18),
(124, '19:09:21', '2025-05-09', 8.00, 18),
(125, '16:32:05', '2025-05-01', 5.00, 18),
(126, '16:31:37', '2025-05-07', 5.00, 19),
(127, '20:19:01', '2025-05-01', 6.00, 19),
(128, '12:27:30', '2025-05-03', 8.00, 19),
(129, '10:03:28', '2025-05-09', 6.00, 20),
(130, '17:27:28', '2025-05-09', 5.00, 20),
(131, '16:18:26', '2025-05-03', 5.00, 20),
(132, '13:42:26', '2025-05-03', 6.00, 21),
(133, '09:44:43', '2025-05-03', 5.00, 21),
(134, '14:03:10', '2025-05-01', 5.00, 21),
(135, '20:35:27', '2025-05-07', 7.00, 22),
(136, '13:51:27', '2025-05-05', 5.00, 22),
(137, '13:10:14', '2025-05-04', 5.00, 22),
(138, '14:13:47', '2025-05-06', 8.00, 23),
(139, '11:52:50', '2025-05-06', 6.00, 23),
(140, '10:53:09', '2025-05-07', 6.00, 23),
(141, '13:31:50', '2025-05-11', 7.00, 24),
(142, '11:40:15', '2025-05-08', 5.00, 24),
(143, '09:29:06', '2025-05-01', 8.00, 24),
(144, '14:02:58', '2025-05-06', 5.00, 25),
(145, '11:25:45', '2025-05-09', 5.00, 25),
(146, '16:27:29', '2025-05-08', 5.00, 25),
(147, '17:37:01', '2025-05-03', 5.00, 26),
(148, '15:18:25', '2025-05-03', 7.00, 26),
(149, '19:04:04', '2025-05-11', 8.00, 26),
(150, '10:58:24', '2025-05-01', 7.00, 27),
(151, '09:41:30', '2025-05-03', 7.00, 27),
(152, '09:01:20', '2025-05-04', 6.00, 27),
(153, '20:52:55', '2025-05-10', 7.00, 28),
(154, '08:40:24', '2025-05-07', 6.00, 28),
(155, '09:33:36', '2025-05-09', 6.00, 28),
(156, '17:19:28', '2025-05-08', 7.00, 29),
(157, '13:02:00', '2025-05-05', 6.00, 29),
(158, '17:00:49', '2025-05-05', 5.00, 29),
(159, '19:45:42', '2025-05-06', 5.00, 30),
(160, '18:46:48', '2025-05-07', 5.00, 30),
(161, '10:53:47', '2025-05-06', 6.00, 30),
(162, '14:30:11', '2025-05-10', 7.00, 31),
(163, '19:01:33', '2025-05-11', 8.00, 31),
(164, '16:57:10', '2025-05-07', 5.00, 31),
(165, '08:18:18', '2025-05-09', 5.00, 32),
(166, '11:58:36', '2025-05-07', 8.00, 32),
(167, '17:27:07', '2025-05-06', 6.00, 32),
(168, '20:00:57', '2025-05-10', 5.00, 33),
(169, '18:55:14', '2025-05-03', 5.00, 33),
(170, '11:18:26', '2025-05-05', 7.00, 33),
(171, '19:22:33', '2025-05-09', 5.00, 34),
(172, '10:13:42', '2025-05-01', 7.00, 34),
(173, '16:20:20', '2025-05-01', 5.00, 34);

 
CREATE TABLE `istruttore` (
  `codice_istruttore` int(11) NOT NULL,
  `nome` varchar(30) DEFAULT NULL,
  `cognome` varchar(30) DEFAULT NULL,
  `genere` char(1) DEFAULT NULL,
  `specializzazione` varchar(210) DEFAULT NULL
) ENGINE=InnoDB DEFAULT CHARSET=utf8mb4 COLLATE=utf8mb4_general_ci;
 

 
INSERT INTO `istruttore` (`codice_istruttore`, `nome`, `cognome`, `genere`, `specializzazione`) VALUES
(1, 'Gennaro', 'Espostio', 'M', 'MMA'),
(2, 'Alessandro', 'Del Piero', 'M', 'basket'),
(3, 'Gennaro', 'Espostio', 'M', 'MMA'),
(4, 'Alessandro', 'mango', 'M', 'pilates'),
(5, 'Miriania', 'totalbody', 'F', 'totalbody'),
(6, 'giulio', 'ugobaldo', 'M', 'judo'),
(7, 'Laura', 'Verdi', 'F', 'yoga'),
(8, 'Marco', 'Russo', 'M', 'cardio'),
(9, 'Elena', 'Bruni', 'F', 'pilates'),
(10, 'Gianni', 'Neri', 'M', 'crossfit'),
(11, 'Sara', 'Gallo', 'F', 'zumba'),
(12, 'Ottavio', 'Bianchi', 'M', 'nessuna');
 

 
CREATE TABLE `lezione` (
  `codice_lezione` int(11) NOT NULL,
  `giorno` date DEFAULT NULL,
  `ora` time DEFAULT NULL,
  `turno` int(11) DEFAULT NULL,
  `codice_corso` int(11) DEFAULT NULL
) ENGINE=InnoDB DEFAULT CHARSET=utf8mb4 COLLATE=utf8mb4_general_ci;
 

 
INSERT INTO `lezione` (`codice_lezione`, `giorno`, `ora`, `turno`, `codice_corso`) VALUES
(1, '2025-05-01', '09:00:00', 1, 12),
(2, '2025-05-03', '11:00:00', 1, 12),
(3, '2025-05-08', '14:30:00', 3, 12),
(4, '2025-05-10', '16:00:00', 2, 12),
(5, '2025-05-15', '10:00:00', 1, 12),
(6, '2025-05-17', '15:00:00', 3, 12),
(7, '2025-05-02', '08:30:00', 1, 13),
(8, '2025-05-05', '11:30:00', 1, 13),
(9, '2025-05-09', '14:00:00', 2, 13),
(10, '2025-05-12', '09:30:00', 1, 13),
(11, '2025-05-16', '16:30:00', 2, 13),
(12, '2025-05-04', '10:30:00', 1, 14),
(13, '2025-05-07', '13:00:00', 4, 14),
(14, '2025-05-11', '15:30:00', 2, 14),
(15, '2025-05-14', '11:00:00', 1, 14),
(16, '2025-05-01', '14:00:00', 2, 15),
(17, '2025-05-04', '16:00:00', 2, 15),
(18, '2025-05-06', '09:00:00', 1, 15),
(19, '2025-05-08', '11:30:00', 1, 15),
(20, '2025-05-13', '10:00:00', 1, 15),
(21, '2025-05-15', '13:30:00', 2, 15),
(22, '2025-05-03', '08:00:00', 1, 16),
(23, '2025-05-06', '12:00:00', 1, 16),
(24, '2025-05-09', '15:00:00', 2, 16),
(25, '2025-05-12', '10:30:00', 1, 16),
(26, '2025-05-14', '14:00:00', 2, 16),
(27, '2025-05-02', '09:30:00', 1, 17),
(28, '2025-05-05', '13:30:00', 2, 17),
(29, '2025-05-07', '16:00:00', 2, 17),
(30, '2025-05-10', '11:00:00', 1, 17),
(31, '2025-05-01', '08:30:00', 1, 18),
(32, '2025-05-03', '10:00:00', 1, 18),
(33, '2025-05-05', '14:30:00', 2, 18),
(34, '2025-05-08', '16:00:00', 2, 18),
(35, '2025-05-11', '09:30:00', 1, 18),
(36, '2025-05-13', '12:00:00', 1, 18),
(37, '2025-05-04', '11:30:00', 4, 19),
(38, '2025-05-06', '14:00:00', 2, 19),
(39, '2025-05-09', '09:00:00', 1, 19),
(40, '2025-05-12', '15:30:00', 2, 19),
(41, '2025-05-15', '10:30:00', 1, 19),
(42, '2025-05-02', '12:30:00', 1, 20),
(43, '2025-05-07', '10:00:00', 4, 20),
(44, '2025-05-10', '13:30:00', 2, 20),
(45, '2025-05-13', '15:00:00', 1, 20);
 

 
CREATE TABLE `persona` (
  `codice_persona` int(11) NOT NULL,
  `cf` char(16) DEFAULT NULL,
  `nome` varchar(50) DEFAULT NULL,
  `cognome` varchar(50) DEFAULT NULL,
  `genere` char(1) DEFAULT NULL,
  `professione` varchar(50) DEFAULT NULL,
  `data_nascita` date DEFAULT NULL
) ENGINE=InnoDB DEFAULT CHARSET=utf8mb4 COLLATE=utf8mb4_general_ci;
 

 
INSERT INTO `persona` (`codice_persona`, `cf`, `nome`, `cognome`, `genere`, `professione`, `data_nascita`) VALUES
(1, 'FHEBVIS', 'Francesco', 'Marrone', 'M', 'studente', '2004-07-28'),
(2, 'VWNOINBW', 'Carlo', 'De Rosa', 'M', 'impiegato', '2001-09-12'),
(3, 'VGBRERB', 'silvia', 'Pappagalli', 'F', 'maestra', '1993-05-08'),
(4, 'ERNENTET', 'vittorio ', 'del Bono', 'M', 'impiegato', '2001-09-12'),
(5, 'CF00000001A', 'Luca', 'Rossi', 'M', 'Ingegnere', '1990-03-15'),
(6, 'CF00000002B', 'Maria', 'Bianchi', 'F', 'Insegnante', '1985-07-22'),
(7, 'CF00000003C', 'Giovanni', 'Verdi', 'M', 'Architetto', '1978-11-02'),
(8, 'CF00000004D', 'Laura', 'Gialli', 'F', 'Contabile', '1995-02-18'),
(9, 'CF00000005E', 'Francesco', 'Neri', 'M', 'Avvocato', '1980-06-12'),
(10, 'CF00000006F', 'Chiara', 'Blu', 'F', 'Medico', '1992-09-30'),
(11, 'CF00000007G', 'Marco', 'Grigi', 'M', 'Grafico', '1988-12-01'),
(12, 'CF00000008H', 'Elisa', 'Rosa', 'F', 'Farmacista', '1991-04-04'),
(13, 'CF00000009I', 'Alessandro', 'Marrone', 'M', 'Programmatore', '1993-10-19'),
(14, 'CF00000010J', 'Federica', 'Celeste', 'F', 'Veterinaria', '1996-05-28'),
(15, 'CF00000011K', 'Andrea', 'Luna', 'M', 'Cuoco', '1983-01-17'),
(16, 'CF00000012L', 'Sara', 'Stella', 'F', 'Psicologa', '1994-07-13'),
(17, 'CF00000013M', 'Matteo', 'Fiore', 'M', 'Idraulico', '1986-08-23'),
(18, 'CF00000014N', 'Giulia', 'Bosco', 'F', 'Fisioterapista', '1990-03-09'),
(19, 'CF00000015O', 'Davide', 'Vento', 'M', 'Elettricista', '1982-11-21'),
(20, 'CF00000016P', 'Martina', 'Fiume', 'F', 'Nutrizionista', '1989-06-14'),
(21, 'CF00000017Q', 'Stefano', 'Monti', 'M', 'Meccanico', '1997-02-25'),
(22, 'CF00000018R', 'Alessia', 'Laghi', 'F', 'Estetista', '1998-09-09'),
(23, 'CF00000019S', 'Emanuele', 'Pini', 'M', 'Muratore', '1984-10-06'),
(24, 'CF00000020T', 'Irene', 'Neve', 'F', 'Commerciante', '1991-12-24'),
(25, 'CF00000021U', 'Simone', 'Campo', 'M', 'Carabiniere', '1992-07-03'),
(26, 'CF00000022V', 'Beatrice', 'Collina', 'F', 'Infermiera', '1987-03-20'),
(27, 'CF00000023W', 'Tommaso', 'Valle', 'M', 'Postino', '1994-04-15'),
(28, 'CF00000024X', 'Eleonora', 'Ramo', 'F', 'Traduttrice', '1993-08-11'),
(29, 'CF00000025Y', 'Fabio', 'Serra', 'M', 'Pilota', '1995-12-05'),
(30, 'CF00000026Z', 'Veronica', 'Fonte', 'F', 'Barista', '1990-01-26'),
(31, 'CF00000027A', 'Giuseppe', 'Vigna', 'M', 'Macellaio', '1988-06-07'),
(32, 'CF00000028B', 'Angela', 'Torre', 'F', 'Casalinga', '1986-09-14'),
(33, 'CF00000029C', 'Nicola', 'Fabbro', 'M', 'Fabbro', '1981-05-19'),
(34, 'CF00000030D', 'Elena', 'Sole', 'F', 'Maestra', '1989-11-01');
 

CREATE TABLE `persona_istruttore` (
  `codice_persona` int(11) DEFAULT NULL,
  `codice_istruttore` int(11) DEFAULT NULL
) ENGINE=InnoDB DEFAULT CHARSET=utf8mb4 COLLATE=utf8mb4_general_ci;
 

 
INSERT INTO `persona_istruttore` (`codice_persona`, `codice_istruttore`) VALUES
(6, 7),
(11, 9),
(1, 3),
(2, 5),
(3, 1),
(4, 2),
(5, 6),
(6, 7),
(7, 4),
(8, 9),
(9, 3),
(10, 2),
(11, 9),
(12, 1),
(13, 5),
(14, 6),
(15, 2),
(16, 8),
(17, 4),
(18, 7),
(19, 10),
(20, 1),
(21, 6),
(22, 3),
(23, 9),
(24, 5),
(25, 2),
(26, 8),
(27, 4),
(28, 10),
(29, 6),
(30, 3),
(1, 5),
(2, 1),
(3, 6),
(4, 7),
(5, 4),
(6, 2),
(7, 8),
(8, 5),
(9, 10),
(10, 6),
(11, 3),
(12, 7),
(13, 2),
(14, 9),
(15, 4),
(16, 5),
(17, 1),
(18, 6),
(19, 8),
(20, 2),
(21, 3),
(22, 7),
(23, 4),
(24, 1),
(25, 9),
(26, 6),
(27, 5),
(28, 2),
(29, 10),
(30, 8);
 

 
CREATE TABLE `sala` (
  `codice_sala` int(11) NOT NULL,
  `capienza` int(11) DEFAULT NULL
) ENGINE=InnoDB DEFAULT CHARSET=utf8mb4 COLLATE=utf8mb4_general_ci;
 

 
INSERT INTO `sala` (`codice_sala`, `capienza`) VALUES
(1, 30),
(2, 40),
(3, 35),
(4, 40);
 

ALTER TABLE `abbonamento`
  ADD PRIMARY KEY (`codice_abbonamento`),
  ADD KEY `codice_persona` (`codice_persona`);

ALTER TABLE `corso`
  ADD PRIMARY KEY (`codice_corso`),
  ADD KEY `codice_sala` (`codice_sala`),
  ADD KEY `codice_istruttore` (`codice_istruttore`);
 

ALTER TABLE `entrata`
  ADD PRIMARY KEY (`codice_entrata`),
  ADD KEY `fk_entrata_persona` (`codice_persona`);
 

ALTER TABLE `istruttore`
  ADD PRIMARY KEY (`codice_istruttore`);
 

ALTER TABLE `lezione`
  ADD PRIMARY KEY (`codice_lezione`),
  ADD KEY `codice_corso` (`codice_corso`);

ALTER TABLE `persona`
  ADD PRIMARY KEY (`codice_persona`);
 

ALTER TABLE `persona_istruttore`
  ADD KEY `codice_persona` (`codice_persona`),
  ADD KEY `codice_istruttore` (`codice_istruttore`);

ALTER TABLE `sala`
  ADD PRIMARY KEY (`codice_sala`);
 

ALTER TABLE `abbonamento`
  MODIFY `codice_abbonamento` int(11) NOT NULL AUTO_INCREMENT, AUTO_INCREMENT=108;
 

ALTER TABLE `corso`
  MODIFY `codice_corso` int(11) NOT NULL AUTO_INCREMENT, AUTO_INCREMENT=31;
 

ALTER TABLE `entrata`
  MODIFY `codice_entrata` int(11) NOT NULL AUTO_INCREMENT, AUTO_INCREMENT=174;
 

ALTER TABLE `istruttore`
  MODIFY `codice_istruttore` int(11) NOT NULL AUTO_INCREMENT, AUTO_INCREMENT=13;
 

ALTER TABLE `lezione`
  MODIFY `codice_lezione` int(11) NOT NULL AUTO_INCREMENT, AUTO_INCREMENT=46;
 

ALTER TABLE `persona`
  MODIFY `codice_persona` int(11) NOT NULL AUTO_INCREMENT, AUTO_INCREMENT=35;
 

ALTER TABLE `sala`
  MODIFY `codice_sala` int(11) NOT NULL AUTO_INCREMENT, AUTO_INCREMENT=5;
 

 

ALTER TABLE `abbonamento`
  ADD CONSTRAINT `abbonamento_ibfk_1` FOREIGN KEY (`codice_persona`) REFERENCES `persona` (`codice_persona`);
 

ALTER TABLE `corso`
  ADD CONSTRAINT `corso_ibfk_1` FOREIGN KEY (`codice_sala`) REFERENCES `sala` (`codice_sala`),
  ADD CONSTRAINT `corso_ibfk_2` FOREIGN KEY (`codice_istruttore`) REFERENCES `istruttore` (`codice_istruttore`);
 

ALTER TABLE `entrata`
  ADD CONSTRAINT `fk_entrata_persona` FOREIGN KEY (`codice_persona`) REFERENCES `persona` (`codice_persona`);

ALTER TABLE `lezione`
  ADD CONSTRAINT `lezione_ibfk_1` FOREIGN KEY (`codice_corso`) REFERENCES `corso` (`codice_corso`);
 

ALTER TABLE `persona_istruttore`
  ADD CONSTRAINT `persona_istruttore_ibfk_1` FOREIGN KEY (`codice_persona`) REFERENCES `persona` (`codice_persona`),
  ADD CONSTRAINT `persona_istruttore_ibfk_2` FOREIGN KEY (`codice_istruttore`) REFERENCES `persona` (`codice_persona`);
COMMIT;